file_path,chinese_description,english_description
SB\Content\Art\Show\CH_M_NA_02_Lion\LinkSkill\M_LionA_LinkSkill_1.uasset,'这是为角色CH_M_NA_02_Lion的LinkSkill（连携技能）准备的材质或视觉效果资产，可能用于展示连携攻击的光效。',"'This appears to be a material/visual-effect asset for the CH_M_NA_02_Lion character's LinkSkill, likely used to display the linking-attack visual effect.'"
SB\Content\Art\Show\CH_M_NA_02_Lion\LinkSkill\M_LionC_LinkSkill_1.uasset,'这个文件是Lion角色用于LinkSkill的材质或视觉特效，用来呈现连携技能的视觉效果。',"'This asset appears to be a material/visual effect for the Lion character's LinkSkill, used to display the linked-skill visual effect.'"
SB\Content\Art\Show\CH_M_NA_03_Clriket\LinkSkill\M_ClriketCFear_SwoopForward_Catch.uasset,'这是Clriket角色的连携技能动画，表现向前俯冲并抓取或捕获目标的动作效果。','This is a linked-skill animation for the Clriket character depicting a forward swoop that catches or grabs a target.'
SB\Content\Art\Show\CH_M_NA_03_Clriket\LinkSkill\M_ClriketCGrab_Grab_Catch.uasset,'该资产是Clriket角色（或敌人）在连携技能中用于抓取命中/接住阶段的动画或视觉效果。',"'This asset is the Clriket character/enemy's linked-skill grab ""catch"" phase animation or visual effect.'"
SB\Content\Art\Show\CH_M_NA_05_Gorilla\Skill\M_GorillaB_S22_GrabSuccess.uasset,'这个文件很可能是Gorilla（B型）在技能S22成功抓取时播放的动画蒙太奇或展示效果。','This file is likely an animation montage or display effect for Gorilla (B type) played when skill S22 successfully performs a grab.'
SB\Content\Art\Show\CH_M_NA_05_Gorilla\Skill\M_GorillaB_S24_PhaseChange2.uasset,'该文件似乎是金刚（CH_M_NA_05_Gorilla）角色的技能/阶段切换视觉特效（M_GorillaB_S24_PhaseChange2），用于表示角色进入第2阶段或第二种变体时的视觉变化。',"'This asset appears to be the Gorilla character\'s skill/phase-change visual effect (M_GorillaB_S24_PhaseChange2), likely used when the Gorilla transitions into its second phase or variant.'"
SB\Content\Art\Show\CH_M_NA_08_BarnacleA\LinkSkill\M_BarnacleA_CatchAttackCatch.uasset,'这是BarnacleA的连锁技能资源，表示其执行抓取/捕捉类攻击的动作或效果。','This is a LinkSkill asset for BarnacleA indicating a catch/grab attack animation or effect.'
SB\Content\Art\Show\CH_M_NA_08_BarnacleA\LinkSkill\M_BarnacleA_GrabAttack.uasset,'这是BarnacleA的抓取攻击连携技能资源，可能是用于怪物对玩家的抓取近战动画或特效。',"'This is the BarnacleA grab-attack LinkSkill asset, likely the animation/effect for the creature's grab melee attack on the player.'"
SB\Content\Art\Show\CH_M_NA_12_Mite\LinkSkill\M_MiteD_Grab.uasset,'这是Mite（D型）敌人的抓取连携技能的动作或视觉效果资源。','This is the grab link-skill animation/VFX asset for the Mite (type D) enemy character.'
SB\Content\Art\Show\CH_M_NA_13_Sawshark\LinkSkill\M_Sawshark_Guard.uasset,'这是Sawshark敌人的关联技能——防御（格挡/护盾）视觉或效果资源。','This is the Sawshark enemy's link-skill guard (block/shield) visual or effect asset.'
SB\Content\Art\Show\CH_M_NA_13_Sawshark\LinkSkill\M_Sawshark_GuardSuccess.uasset,'这是Sawshark角色在连携技能守护成功时触发的视觉展示效果。','This is the Sawshark character's visual/display effect triggered when its LinkSkill guard succeeds.'
SB\Content\Art\Show\CH_M_NA_13_Sawshark\LinkSkill\M_Sawshark_JumpGrabSuccess.uasset,'这个特效是锯鲨（Sawshark）跳跃抓取成功的连携技能展示，表示跳抓命中或成功时播放的视觉或音效效果。',"'This effect is the Sawshark jump-grab-success linked-skill display, indicating the visual (and possibly sound) effect played when a jump grab lands or succeeds.'"
SB\Content\Art\Show\CH_M_NA_13_Sawshark\LinkSkill\M_Sawshark_LS01_DoubleGrab_Succeed.uasset,'该文件是Sawshark（鲨鱼）角色连携技能 LS01 “DoubleGrab” 成功触发时的展示资源，可能用于成功动画或视觉特效。',"'This asset is the Sawshark character LinkSkill LS01 ""DoubleGrab"" success display, likely used for the success animation or visual/particle effect.'"
SB\Content\Art\Show\CH_M_NA_13_Sawshark\LinkSkill\M_Sawshark_LS01_DoubleGrab_Succeed2.uasset,'这是Sawshark（锯鲨）角色LinkSkill 01的“双抓”成功动画/视觉效果资源（第2变体）。','This is the Sawshark character\'s LinkSkill 01 double-grab success animation/visual effect asset (variant 2).'
SB\Content\Art\Show\CH_M_NA_15_SkullJuggernaut\LinkSkill\M_SkullJuggernaut_S09_Grab_Succeed.uasset,'这个文件描述了SkullJuggernaut的S09连携抓取技能在抓取成功时的展示/动画效果。','This asset represents the Skull Juggernaut S09 LinkSkill grab-success display/animation played when a grab succeeds.'
SB\Content\Art\Show\CH_M_NA_15_SkullJuggernaut\Skill\M_SkullJuggernaut_S08_PhaseChange.uasset,'这是SkullJuggernaut的S08相位切换材质/视觉特效，用于表现该敌人的阶段转换。','This is the SkullJuggernaut S08 phase-change material/visual effect used to represent the enemy's phase transition.'
SB\Content\Art\Show\CH_M_NA_20_RoadBlock\Basic\M_RoadBlockA_WeakPointOpen1.uasset,'这个资源是RoadBlock敌人弱点开启时的视觉展示效果，可能表现为弱点暴露或发光。',"'This asset is the visual show effect for a RoadBlock enemy's weak point opening, likely representing the weak point becoming exposed or glowing.'"
SB\Content\Art\Show\CH_M_NA_20_RoadBlock\Basic\M_RoadBlockA_WeakPointOpen2.uasset,'这是RoadBlock（道路阻碍）对象的材质，用于在弱点被打开/暴露时显示相应的视觉效果（如发光或揭示弱点）。',"'This is a material for the RoadBlock object that displays the visual effect when its weak point is opened/exposed (e.g., an emissive glow or exposed weak-point indication).'"
SB\Content\Art\Show\CH_M_NA_20_RoadBlock\Basic\M_RoadBlockA_WeakPointOpen3.uasset,'这个文件是一个材质（M_）资源，用于RoadBlock A在弱点开启（WeakPointOpen3）时的视觉表现。','This file is a material (M_) asset used for RoadBlock A\'s weak-point-open visual appearance (WeakPointOpen3).'
SB\Content\Art\Show\CH_M_NA_21_Tachy\LinkSkill\M_Tachy_Grab_Succeed.uasset,'这个效果是Tachy角色连携技能成功抓取时的视觉表现资源。','This effect is the visual asset for Tachy's LinkSkill when a grab succeeds.'
SB\Content\Art\Show\CH_M_NA_21_Tachy\Skill\M_Tachy_PhaseChange2.uasset,'这个文件是角色Tachy的技能相位变化（第二种变体）的视觉效果资源，可能用于表现相位切换或位移的特效。',"'This file is a visual effect asset for character Tachy’s Phase Change skill (variant 2), likely used to depict a phase-shift/teleport or similar transition effect.'"
SB\Content\Art\Show\CH_M_NA_22_Crawler\LinkSkill\M_Crawler_Grab.uasset,'这个资源很可能是用于Crawler敌人连携技能的“抓取”动作或抓取相关视觉/动画效果的资产。',"'This asset is likely the Crawler enemy's ""grab"" animation or grab-related visual/animation effect used for a LinkSkill.'"
SB\Content\Art\Show\CH_M_NA_22_Crawler\LinkSkill\M_Crawler_SnatchGrabSuccess.uasset,'这个资源应是爬行者（Crawler）在成功抓取/攫取目标时触发的联动技能视觉或表现特效。','This asset is likely the Crawler's LinkSkill visual/effect played when a snatch/grab successfully occurs.'
SB\Content\Art\Show\CH_M_NA_22_Crawler\Skill\M_Crawler_1PhaseShift.uasset,'这是爬行者（Crawler）敌人技能“PhaseShift”的视觉/技能资产，可能用于表现相位移动、瞬移或短暂无敌/穿透状态。',"'This is a visual/skill asset for the Crawler enemy\'s ""PhaseShift"" ability, likely representing a phase/teleport or brief intangibility/invulnerability effect.'"
SB\Content\Art\Show\CH_M_NA_22_Crawler\Skill\M_Crawler_2PhaseShift.uasset,'这是爬行者（Crawler）技能“PhaseShift”的第二阶段视觉特效资源，表明敌人的相位转换或瞬移类表现。',"'This is the Crawler enemy\'s ""PhaseShift"" skill phase-2 visual effect asset, representing the enemy\'s phase transition/teleportation-style VFX.'"
SB\Content\Art\Show\CH_M_NA_26_Marionette\LinkSkill\M_Marionette_GrabSuccess.uasset,'这个效果是在Marionette角色的连携技能抓取成功时触发的视觉或粒子特效。','This effect is a visual or particle effect triggered when the Marionette character's LinkSkill grab succeeds.'
SB\Content\Art\Show\CH_M_NA_26_Marionette\Skill\M_Marionette_SoundBombPhaseChange.uasset,'该资源是Marionette角色在SoundBomb技能阶段切换时触发的声音或视觉效果。','This asset is the sound or visual effect triggered when the Marionette character's SoundBomb skill changes phase.'
SB\Content\Art\Show\CH_M_NA_29_Bot\Basic\M_BotUpperBody_DEAD.uasset,'该文件是编号29机器人（男性）上半身的死亡状态资源，可能用于角色死亡时的模型或视觉表现。',"'This file is the death-state asset for Bot #29 (male) upper body, likely used as the character\'s death model or visual representation.'"
SB\Content\Art\Show\CH_M_NA_29_Bot\Basic\M_BotUpperBody_RebirthReady.uasset,'这是一个机器人男性角色上半身的“重生就绪”视觉资产，表示角色在准备重生/复活时的外观或状态。',"'This is a robot male character upper-body ""RebirthReady"" visual asset indicating the character's appearance/state when prepared for rebirth/revival.'"
SB\Content\Art\Show\CH_M_NA_29_Bot\LinkSkill\M_BotUpperBody_GrabBombFinish.uasset,'这是机器人（男性）上半身联动技能的“抓取炸弹完成”动画或特效。',"'This is a robot (male) upper-body linked-skill ""Grab Bomb Finish"" animation or visual effect.'"
SB\Content\Art\Show\CH_M_NA_29_Bot\LinkSkill\M_BotUpperBody_GrabFinish.uasset,'该资产是 CH_M_NA_29_Bot 在 LinkSkill 中的机器人上半身 GrabFinish 效果，可能是表示抓取动作结束的动画或视觉特效。',"'This asset is the CH_M_NA_29_Bot bot upper-body GrabFinish effect in LinkSkill, likely an animation or visual effect signaling the end of a grab.'"
SB\Content\Art\Show\CH_M_NA_29_Bot\LinkSkill\M_BotUpperBody_GrabSuddenFinish.uasset,'这个uasset很可能是用于机器人（Bot）上半身的连段技能GrabSuddenFinish的抓取终结动画。','This uasset is likely the bot\'s upper-body link-skill GrabSuddenFinish grab-finish animation.'
SB\Content\Art\Show\CH_M_NA_31_WeaponMaster\LinkSkill\M_WeaponMasterA_GrabSucceed1.uasset,'这个文件是武器大师（CH_M_NA_31）A系LinkSkill在抓取成功时触发的视觉/展示特效。','This asset is a visual/display effect for the Weapon Master (CH_M_NA_31) A LinkSkill triggered on a successful grab.'
SB\Content\Art\Show\CH_M_NA_31_WeaponMaster\LinkSkill\M_WeaponMasterA_GrabSucceed2.uasset,'这个效果是武器大师角色在连携技能中成功抓取时的展示效果，可能为抓取成功的视觉或动作提示。',"'This effect is the Weapon Master character's display for a Link Skill successful grab, likely a visual or animation cue indicating a successful grab.'"
SB\Content\Art\Show\CH_M_NA_35_LabMutant\LinkSkill\M_LabMutant_GrabSuccess.uasset,'这个文件代表实验室变异体（LabMutant）在连携技能中抓取成功时触发的视觉或动画效果。','This file represents a LinkSkill visual/animation effect for the LabMutant triggered when a grab succeeds.'
SB\Content\Art\Show\CH_M_NA_36_Maelstrom\Basic\M_Maelstrom_Dead.uasset,'这个文件是Maelstrom角色的死亡状态材质，用于呈现其死亡外观。',"'This file is the Maelstrom character's dead-state material, used to present the character's death appearance.'"
SB\Content\Art\Show\CH_M_NA_36_Maelstrom\Skill\M_Maelstrom_WeakPointFatal.uasset,'这个资源是Maelstrom敌人技能的“弱点致命”视觉/判定效果，可能在命中弱点造成致命一击时触发。',"'This asset is the Maelstrom enemy skill ""WeakPointFatal"" effect, likely a visual/impact effect triggered when hitting a weak point for a fatal/critical blow.'"
SB\Content\Art\Show\CH_M_NA_36_Maelstrom\Skill\M_Maelstrom_WeakPointOpen1.uasset,'这个资源是用于Maelstrom（CH_M_NA_36）角色技能的弱点开启视觉效果，表示敌人弱点暴露的特效。',"'This asset is a visual effect for the Maelstrom (CH_M_NA_36) character skill ""WeakPointOpen1"", indicating the enemy's weak point opening/vulnerability.'"
SB\Content\Art\Show\CH_M_NA_36_Maelstrom\Skill\M_Maelstrom_WeakPointOpen1_2.uasset,'这是用于Maelstrom角色技能中弱点开启的材质/视觉效果，表现弱点暴露或发光提示。',"'This is a material/visual effect used for Maelstrom weak-point opening during a skill, representing an exposed or glowing weak spot cue.'"
SB\Content\Art\Show\CH_M_NA_36_Maelstrom\Skill\M_Maelstrom_WeakPointOpen2.uasset,'这个文件似乎是Maelstrom（角色/敌人）的技能视觉特效，用于表示其弱点开启的表现（第二版）。','This file appears to be a skill visual effect for the Maelstrom (character/enemy) representing its weak point opening (version 2).'
SB\Content\Art\Show\CH_M_NA_36_Maelstrom\Skill\M_Maelstrom_WeakPointOpen2_2.uasset,'这个文件是针对Maelstrom敌人弱点开启的视觉效果资源，可能用于在弱点暴露时显示发光或粒子提示。',"'This file is a visual effect asset for the Maelstrom enemy's weak-point opening, likely showing a glow or particle indicator when the weak spot is exposed.'"
SB\Content\Art\Show\CH_M_NA_36_Maelstrom\Skill\M_Maelstrom_WeakPointOpen3.uasset,'该资源是Maelstrom角色技能“WeakPointOpen3”的视觉/展示效果，用于表现弱点开启的状态。',"'This asset is the Maelstrom character skill ""WeakPointOpen3"" visual/display effect used to represent the weak point opening state.'"
SB\Content\Art\Show\CH_M_NA_36_Maelstrom\Skill\M_Maelstrom_WeakPointOpen3_2.uasset,'这是Maelstrom角色的技能视觉特效文件“WeakPointOpen3_2”，用于表示弱点开启的第3/第2变体展示。',"'This is a skill visual-effect file for the Maelstrom character named ""WeakPointOpen3_2"", used to represent a weak-point opening (3_2 variant).'"
SB\Content\Art\Show\CH_M_NA_36_Maelstrom\Skill\M_Maelstrom_WeakPointOpen4.uasset,'此文件应为敌人Maelstrom在Skill目录下弱点开启（第4阶段）的视觉/展示资源，可能用于表现弱点暴露的特效或动画。',"'This file appears to be a visual/showcase asset for the Maelstrom enemy's WeakPointOpen (stage 4) skill/state, likely a VFX or animation indicating the weak point is exposed.'"
SB\Content\Art\Show\CH_M_NA_36_Maelstrom\Skill\M_Maelstrom_WeakPointOpen5.uasset,'这个文件是Maelstrom角色技能中“弱点开启”阶段的视觉/动画资产，表示敌人暴露可被攻击的弱点（第5版）。',"'This asset is the Maelstrom character skill visual/animation for ""Weak Point Open"" (version 5), indicating the enemy exposes a vulnerable spot.'"
SB\Content\Art\Show\CH_M_NA_39_Opener\LinkSkill\M_Opener_Grab.uasset,'该资源为角色CH_M_NA_39的开场连招技能“抓取”的动画或特效资产。',"'This asset is the opener link-skill ""Grab"" animation/effect for character CH_M_NA_39 used as a grab starter in combos.'"
SB\Content\Art\Show\CH_M_NA_39_Opener\Skill\M_Opener_PhaseChange.uasset,'这个文件表示角色CH_M_NA_39的Opener技能在阶段切换时触发的视觉/技能效果。','This file represents a visual/skill effect triggered during a phase change of the CH_M_NA_39 Opener skill.'
SB\Content\Art\Show\CH_M_NA_40_Statue\LinkSkill\M_StatueA_GrabSuccess.uasset,'这个资源是在LinkSkill中对Statue A抓取成功时触发的视觉/动画/特效。','This asset represents the visual/animation/effect triggered when Statue A is successfully grabbed during a LinkSkill.'
SB\Content\Art\Show\CH_M_NA_41_BodyBag\Basic\M_BodyBag_Dead.uasset,'这是一个表示尸袋死亡状态的材质资源，用于呈现尸体或尸袋的视觉外观。',"'This is a material asset representing a body bag\'s dead state, used to render the visual appearance of a corpse/body bag.'"
SB\Content\Art\Show\CH_M_NA_42_RavenBeast\LinkSkill\M_RavenBeast_Grab.uasset,'这个资源是RavenBeast的LinkSkill“抓取”技能资源，表示该生物的抓取动作或抓取效果。',"'This asset is the RavenBeast LinkSkill ""Grab"" resource, representing the creature's grab action or grab effect.'"
SB\Content\Art\Show\CH_M_NA_42_RavenBeast\LinkSkill\M_RavenBeast_GrabSpecial.uasset,'该文件是RavenBeast角色在LinkSkill目录下用于“GrabSpecial”特殊抓取动作的动画或表现效果资源。',"'This file is an animation or visual effect asset for the RavenBeast character’s LinkSkill ""GrabSpecial"" special grab move.'"
SB\Content\Art\Show\CH_M_NA_42_RavenBeast\LinkSkill\M_RavenBeast_GrabSpecial2.uasset,'这个资源为RavenBeast的第二种特殊抓取连携技能的视觉或动作效果资产。','This asset is the RavenBeast\'s special grab/link-skill variant 2 visual or animation effect.'
SB\Content\Art\Show\CH_M_NA_42_RavenBeast\Skill\M_RavenBeast_PhaseChange3.uasset,'这个文件表示RavenBeast的第三阶段转换视觉效果，可能是作为技能触发的材质或粒子特效用于首领阶段切换。',"'This file represents RavenBeast\'s phase change (Phase 3) visual effect, likely a skill-triggered material/particle effect used during a boss phase transition.'"
SB\Content\Art\Show\CH_M_NA_43_HedgeBoarBrute\LinkSkill\M_HedgeBoarBrute_StrikeGrabSuccess.uasset,'这个文件表示HedgeBoarBrute在成功执行“Strike Grab”抓取时触发的连携技能视觉或动画效果。',"'This file represents the link-skill visual or animation effect triggered when the HedgeBoarBrute successfully performs a ""Strike Grab"".'"
SB\Content\Art\Show\CH_M_NA_43_HedgeBoarBrute\Skill\M_HedgeBoarBrute_PhaseChange.uasset,'这是HedgeBoarBrute的PhaseChange技能资产，可能用于敌人切换战斗阶段时的动画或视觉特效。',"'This is the HedgeBoarBrute PhaseChange skill asset, likely used for an animation or visual VFX when the enemy switches combat phases.'"
SB\Content\Art\Show\CH_M_NA_45_Lurker\LinkSkill\M_LurkerA_GrabSuccess.uasset,'这是Lurker（潜伏者）A型在抓取成功时触发的连携技能视觉/动画效果。','This is the LinkSkill visual/animation effect triggered when a Lurker A successfully performs a grab.'
SB\Content\Art\Show\CH_M_NA_45_Lurker\LinkSkill\M_LurkerB_GrabSuccess.uasset,'这个文件是Lurker（B型）连携技能“抓取成功”的效果资源，表示抓取命中或束缚目标时的视觉/特效。',"'This file is the Lurker (B) LinkSkill ""GrabSuccess"" effect asset, representing the visual/impact effect when its grab connects or restrains a target.'"
SB\Content\Art\Show\CH_M_NA_46_Behemoth\LinkSkill\M_Behemoth_HeadButtCombo2Success.uasset,'这个文件代表贝希摩斯的“头槌连击2”成功时触发的连携技能视觉/效果表现。','This asset represents the Behemoth\'s Head-Butt Combo 2 success LinkSkill visual/effect triggered when that attack connects.'
SB\Content\Art\Show\CH_M_NA_46_Behemoth\LinkSkill\M_Behemoth_Parry.uasset,'该资源为Behemoth的招架（Parry）联动技能资源，可能为动画蒙太奇或配套视觉效果。',"'This asset is the Behemoth\'s parry/link skill resource, likely an animation montage or accompanying visual effect.'"
SB\Content\Art\Show\CH_M_NA_53_Raven\LinkSkill\M_Raven_BetaCounterGrabSuccess.uasset,"错误: HTTPSConnectionPool(host='openrouter.ai', port=443): Max retries exceeded with url: /api/v1/chat/completions (Caused by SSLError(SSLEOFError(8, '[SSL: UNEXPECTED_EOF_WHILE_READING] EOF occurred in violation of protocol (_ssl.c:1028)')))","Error: HTTPSConnectionPool(host='openrouter.ai', port=443): Max retries exceeded with url: /api/v1/chat/completions (Caused by SSLError(SSLEOFError(8, '[SSL: UNEXPECTED_EOF_WHILE_READING] EOF occurred in violation of protocol (_ssl.c:1028)')))"
SB\Content\Art\Show\CH_M_NA_53_Raven\LinkSkill\M_Raven_BetaGrabChainSuccess.uasset,'此文件为角色Raven的连抓（BetaGrabChain）技能成功时的视觉/动画效果资源，表示抓取连锁成功的反馈。',"'This file is the Raven character's BetaGrabChain LinkSkill success visual/animation asset, representing feedback when a chain grab succeeds.'"
SB\Content\Art\Show\CH_M_NA_53_Raven\LinkSkill\M_Raven_BetaGrabSuccess.uasset,'该资源是Raven角色的连携技能“Beta抓取”成功时触发的动作/视觉效果。',"'This asset is Raven\'s LinkSkill effect triggered on a successful ""Beta Grab"", representing the animation/visual effect for grab success.'"
SB\Content\Art\Show\CH_M_NA_53_Raven\LinkSkill\M_Raven_BetaSkillCounter.uasset,'这个资源是Raven角色用于LinkSkill的Beta版反击技能视觉/特效资产。','This asset is Raven\'s LinkSkill beta counter skill visual/effect asset.'
SB\Content\Art\Show\CH_M_NA_53_Raven\LinkSkill\M_Raven_ChaseGrabSuccess.uasset,'这个文件表示Raven的连携技能在追击抓取成功时触发的视觉或动画效果。','This asset represents Raven's LinkSkill visual/animation effect triggered on a successful chase-grab.'
SB\Content\Art\Show\CH_M_NA_53_Raven\LinkSkill\M_Raven_ChaseGrabSuccessEnd.uasset,'这是Raven角色在追击抓取成功结束时触发的连技结束视觉或动画效果资产。',"'This is a LinkSkill asset for Raven triggered at the end of a successful chase-grab, likely a visual or animation effect marking the grab\'s completion.'"
SB\Content\Art\Show\CH_M_NA_53_Raven\LinkSkill\M_Raven_ShieldBreakerCounter.uasset,'该资源是角色Raven的LinkSkill“ShieldBreakerCounter”的展示特效，表示破盾反击技能的视觉效果。',"'This asset is the display VFX for Raven's LinkSkill \""ShieldBreakerCounter\"", representing the visual effect for a shield-breaking counterattack skill.'"
SB\Content\Art\Show\CH_M_NA_54_ExoSuit\LinkSkill\M_ExoSuit_BladeGrabComboLinkBreakSuccess.uasset,'这是外骨骼男性角色在刀刃抓取连击中成功断开连锁时触发的技能或视觉效果。','This is the exosuit (male) skill/visual effect triggered when a blade-grab combo successfully breaks a link.'
SB\Content\Art\Show\CH_M_NA_54_ExoSuit\LinkSkill\M_ExoSuit_BladeGrabComboSuccess.uasset,'这是一个以“M_”开头的材质资源，用于外骨骼（ExoSuit）在发生BladeGrab连击成功时作为连携技能的视觉效果。','This is a material asset (M_) used for the ExoSuit LinkSkill visual effect triggered on a successful BladeGrab combo.'
SB\Content\Art\Show\CH_M_NA_54_ExoSuit\LinkSkill\M_ExoSuit_GrabLinkBreakSuccess.uasset,'这是ExoSuit在LinkSkill中执行“抓取并成功断开链接”时的展示/视觉效果。','This is the ExoSuit visual/display effect for a LinkSkill when a grab successfully breaks the link.'
SB\Content\Art\Show\CH_M_NA_54_ExoSuit\LinkSkill\M_ExoSuit_GrabSuccess.uasset,'这个文件代表外骨骼（ExoSuit）在联动技能中“抓取成功”时的展示效果，可能是用于成功抓取的视觉或动作提示。',"'This asset represents the ExoSuit\'s ""Grab Success"" display for a LinkSkill, likely a visual or animation cue used when a grab succeeds.'"
SB\Content\Art\Show\CH_M_NA_56_ElderPhase2\LinkSkill\M_ElderPhase2_Grab.uasset,'这个文件很可能是Elder（长者）第二阶段抓取技能的视觉/材质效果，用于表现抓取动作的特效。',"'This file is likely the visual/material effect for the Elder Phase 2 grab skill, used to display the grab attack\'s special effect.'"
SB\Content\Art\Show\CH_M_NA_56_ElderPhase2\Skill\M_ElderPhase2_PhaseChange3.uasset,'这是一个用于Elder（首领）在阶段切换时的第三种技能/视觉特效资源，表示Boss变换阶段时的表现效果。',"'This is a PhaseChange3 skill/visual effect asset for the Elder boss, used to display the boss\'s phase transition.'"
SB\Content\Art\Show\CH_M_NA_57_Cocoon\Basic\M_Cocoon_Dead.uasset,'这个材质用于表现茧（Cocoon）的死亡/损坏视觉状态，应用于场景或角色中的茧体。',"'This material asset depicts a cocoon\'s dead/damaged visual state, used to render a degraded cocoon in the scene or on character props.'"
SB\Content\Art\Show\CH_M_NA_901_Mann\LinkSkill\M_Mann_CounterLinkEscape.uasset,'这是Mann（CH_M_NA_901）角色的LinkSkill资源，表示用于“CounterLinkEscape”（反击连携脱出）的技能特效或动画。',"'This is a LinkSkill asset for the Mann (CH_M_NA_901) character, indicating a ""CounterLinkEscape"" skill effect or animation used when escaping a counter link.'"
SB\Content\Art\Show\CH_M_NA_901_Mann\LinkSkill\M_Mann_DashSwingSuccess.uasset,'这个文件是角色Mann（男性）在使用连击技能“DashSwing”成功命中时触发的视觉/特效资源，表示冲刺挥击成功的效果。',"'This asset is the Mann (male) LinkSkill ""DashSwing"" success effect, likely a VFX triggered when a dash-swing attack successfully connects.'"
SB\Content\Art\Show\CH_M_NA_901_Mann\LinkSkill\M_Mann_GrabSuccess.uasset,'该资源是Mann角色在连携技能成功抓取目标时触发的展示效果，提供抓取成功的视觉或动画提示。',"'This asset is the show/visual effect for Mann's link skill when a grab succeeds, providing a visual or animation cue for a successful grab.'"
SB\Content\Art\Show\CH_M_NA_901_Mann\Skill\M_Mann_BackTumbling.uasset,'该文件似乎是Mann角色的向后翻滚（后空翻）技能动画资源，用于后方闪避动作。','This file appears to be the Mann character's back-tumbling (backflip) skill animation asset used for a backward dodge/evasion.'
SB\Content\Art\Show\CH_M_NA_961_Scarlet\LinkSkill\M_Scarlet_GroggyCounter.uasset,'这是Scarlet的连携技能“GroggyCounter”资源，可能是用于对处于昏迷/虚弱（groggy）状态的敌人执行反击的动画或视觉效果。',"'This is Scarlet\'s LinkSkill ""GroggyCounter"" asset, likely an animation or visual effect used to perform a counterattack against enemies in a groggy/staggered state.'"
SB\Content\Art\Show\CH_M_NA_961_Scarlet\LinkSkill\M_Scarlet_LinkBreakChanceAttackSucess.uasset,'这个文件表示Scarlet角色的连携技能“LinkBreakChanceAttackSuccess”触发时用于表现连击破防或概率攻击成功的视觉特效。',"'This file represents Scarlet\'s LinkSkill ""LinkBreakChanceAttackSuccess"" visual FX triggered to show a link-break or chance-attack success.'"
SB\Content\Art\Show\CH_M_NA_961_Scarlet\LinkSkill\M_Scarlet_PhaseChange1_EndShieldOwn.uasset,'该资产是角色Scarlet在PhaseChange1结束时解除自身护盾的视觉或技能效果。','This asset is Scarlet\'s visual/skill effect for ending her own shield at the conclusion of PhaseChange1.'
SB\Content\Art\Show\CH_M_NA_961_Scarlet\LinkSkill\M_Scarlet_PhaseChange1_EndShieldZero.uasset,'这个资源是Scarlet在PhaseChange1阶段结束时触发的护盾归零/护盾消失相关的视觉效果。','This asset is a visual effect for Scarlet triggered at the end of PhaseChange1 when the shield drops to zero or is removed.'
SB\Content\Art\Show\CH_M_NA_961_Scarlet\LinkSkill\M_Scarlet_PhaseChange1_EndShieldZeroFail.uasset,'这个效果是Scarlet的连携技能在PhaseChange1结束且护盾归零失败时触发的视觉或状态结束表现。','This effect is a Scarlet LinkSkill visual/status effect triggered when PhaseChange1 ends due to the shield reaching zero (shield-fail).'
SB\Content\Art\Show\CH_M_NA_961_Scarlet\LinkSkill\M_Scarlet_SkillCounter.uasset,'这个文件很可能是角色Scarlet的连携技能“SkillCounter”（反击）相关的视觉或效果资源，用于触发反击时显示特效或链接动作。',"'This file likely represents Scarlet\'s LinkSkill ""SkillCounter"" visual/effect asset used to display the effect or linked action when a counter skill is triggered.'"
SB\Content\Art\Show\CH_M_NA_961_Scarlet\LinkSkill\M_Scarlet_SkillCounterSuccess.uasset,'这是Scarlet角色的连携技能在反击成功时触发的视觉/特效资产。',"'This is an asset for Scarlet's Link Skill triggered on counter success, likely a visual/particle effect.'"
SB\Content\Art\Show\CH_P_EVE_01\Basic\Eve_Interaction_UseVendingMachine.uasset,'这个资源是Eve与自动售货机互动的视觉/交互资产，可能用于触发角色的使用动画或交互特效。',"'This asset represents Eve's interaction with a vending machine, likely used to trigger the character's use animation or interaction visual effects.'"
SB\Content\Art\Show\CH_P_EVE_01\Basic\Eve_Interaction_UseVendingMachine_short.uasset,'这个资源是角色Eve与自动贩卖机交互的短时交互动画或视觉特效。','This asset is a short interaction animation or visual effect for the character Eve using a vending machine.'
SB\Content\Art\Show\CH_P_EVE_01\Basic\P_Eve_Can_Showing.uasset,'这个效果是EVE的罐头展示，可能是角色或物体获得了一种光环或视觉上的强化效果。',"'This effect is Eve\'s canned display, possibly showing a halo or visual enhancement effect gained by a character or object.'"
SB\Content\Art\Show\CH_P_EVE_01\Basic\P_Eve_Can_Showing1.uasset,'这个文件是EVE角色的展示粒子特效，可能用于出场或展示时的视觉效果。',"'This file is a particle VFX for the Eve character\'s showing, likely used for appearance or showcase visual effects.'"
SB\Content\Art\Show\CH_P_EVE_01\Basic\P_Eve_Can_Showing_Shelf.uasset,'这个文件表示EVE的展示预设，可能用于在货架或展示台上以视觉效果呈现角色或物品。',"'This file represents a preset/canned showing for Eve, likely used to visually present a character or item on a shelf/display.'"
SB\Content\Art\Show\CH_P_EVE_01\Basic\P_Eve_Can_Showing_Shelf1.uasset,'这是用于EVE角色的展示预制资源，可能用于在货架或展示台上呈现角色或相关视觉效果。',"'This is a showcase prefab asset for the character Eve, likely used to present the character or related visual effects on a shelf or display stand.'"
SB\Content\Art\Show\CH_P_EVE_01\Basic\P_EVE_Dead_Grinder.uasset,'这是一个针对EVE的粒子效果资源，名为“Dead_Grinder”，很可能用于角色死亡时的粉碎/研磨或分解类视觉特效。',"'This is a particle-effect asset for EVE named ""Dead_Grinder"", likely used for a death-related grinding/disintegration visual effect.'"
SB\Content\Art\Show\CH_P_EVE_01\Basic\P_Eve_Fishing_Catch.uasset,'这是EVE角色在钓鱼捕获时使用的粒子/视觉特效，表现捕获成功。',"'This is a particle/visual effect used by EVE when catching fish, representing a successful catch.'"
SB\Content\Art\Show\CH_P_EVE_01\Basic\P_Eve_Fishing_Catch_Large.uasset,'这个效果是EVE在钓鱼时捕获大鱼时触发的粒子/视觉特效。','This is a particle/visual effect for EVE triggered when catching a large fish during fishing.'
SB\Content\Art\Show\CH_P_EVE_01\Basic\P_Eve_Fishing_Catch_Large1.uasset,'这个文件是EVE在钓鱼时捕获大型物品时触发的粒子/视觉效果。','This file is a particle/visual effect triggered when Eve catches a large fish/item during fishing.'
SB\Content\Art\Show\CH_P_EVE_01\Basic\P_Eve_Fishing_Catch_Weird.uasset,'这是Eve角色用于钓鱼时“捕获异常”情形的粒子视觉特效。',"'This is a particle visual effect for Eve used during fishing to represent a ""weird"" or abnormal catch.'"
SB\Content\Art\Show\CH_P_EVE_01\Basic\P_Eve_sword_use_cgrenade.uasset,'这是EVE使用剑动作触发的粒子特效，表现与“cgrenade”手榴弹/蓄能投掷相关的视觉效果。',"'This is a particle effect for Eve's sword-use action representing a ""cgrenade"" grenade/charge-grenade visual spawned during the attack.'"
SB\Content\Art\Show\CH_P_EVE_01\Basic\P_Eve_sword_use_FlashGrenade.uasset,'这个效果是EVE用剑时触发的类似闪光手榴弹的粒子/闪光效果。','This is a particle/flash effect for EVE's sword use that resembles a flash-grenade burst.'
SB\Content\Art\Show\CH_P_EVE_01\Basic\P_Eve_sword_use_pgrenade.uasset,'这是一个用于EVE角色的粒子特效资源，表示在使用剑攻击时触发与“pgrenade”（投掷/爆炸或投射物）相关的视觉效果。',"'This is a particle/visual effect asset for Eve, representing a sword-use effect tied to a ""pgrenade"" (grenade/explosion or projectile) visual.'"
SB\Content\Art\Show\CH_P_EVE_01\Guide\P_Eve_Guide_TimeScale_StepDependent_1.uasset,'这是EVE引导用的粒子/视觉效果，会根据游戏时间缩放以分步方式调整表现。','This is a particle/visual effect for Eve\'s guide that adjusts its presentation in step-dependent ways according to the game\'s timescale.'
SB\Content\Art\Show\CH_P_EVE_01\LinkSkill\P_Eve_Sword_Air_DropAttack1_E.uasset,'这个粒子/视觉特效用于EVE的剑空中下落攻击（DropAttack1），作为技能联动时的表现。',"'Particle/visual effect for Eve\'s sword aerial drop attack (DropAttack1), used as a linked-skill visual.'"
SB\Content\Art\Show\CH_P_EVE_01\LinkSkill\P_Eve_Sword_Air_DropAttack1_S.uasset,'这个文件是EVE角色的剑技“空中下落攻击1”的粒子/视觉特效，用于表现攻击的空中下降与冲击效果。',"'This file is the particle/visual effect for EVE's sword ""Air Drop Attack 1"", used to represent the aerial descent and impact of the attack.'"
SB\Content\Art\Show\CH_P_EVE_01\LinkSkill\P_Eve_Sword_Air_DropAttack2_E.uasset,'这是EVE（角色）用于LinkSkill的剑类空中下落攻击（DropAttack2）的粒子/视觉特效。','This is a particle/visual effect asset for Eve's sword air DropAttack2 used in the LinkSkill attack.'
SB\Content\Art\Show\CH_P_EVE_01\LinkSkill\P_Eve_Sword_Normal_BackStab1_Animal.uasset,'这个文件是EVE的普通剑背刺1连携技能的视觉/特效资源，针对动物类敌人。','This file is Eve's normal sword BackStab1 link-skill visual/effect asset targeting animal-type enemies.'
SB\Content\Art\Show\CH_P_EVE_01\LinkSkill\P_Eve_Sword_Normal_BackStab1_Common.uasset,'这个文件很可能是用于Eve角色的剑类“普通后刺1”技能的粒子/视觉特效资产，表示背后刺击时的视觉效果。',"'This file is likely a particle/visual effect asset for Eve\'s sword ""Normal BackStab1"" skill (common), representing the visual effect played during a backstab attack.'"
SB\Content\Art\Show\CH_P_EVE_01\LinkSkill\P_Eve_Sword_Normal_FinishLinkAttack1_Juggernaut.uasset,'该资源是EVE角色的剑系普通连携技终结（FinishLinkAttack1）的视觉/粒子特效，标注为“Juggernaut”变体。',"'This asset is the visual/particle effect for Eve sword normal finish linked attack 1 (FinishLinkAttack1), labeled with the ""Juggernaut"" variant.'"
SB\Content\Art\Show\CH_P_EVE_01\LinkSkill\P_Eve_Sword_Normal_FinishLinkAttack1_JuggernautChallenge.uasset,'这是用于EVE的剑类普通连携攻击1完成时在Juggernaut挑战中播放的粒子/视觉特效。','This is a particle/visual effect played when Eve completes a sword normal Link Attack 1 during the Juggernaut Challenge.'
SB\Content\Art\Show\CH_P_EVE_01\LinkSkill\P_Eve_Sword_Normal_LinkAttack1_Animal.uasset,'这个文件是EVE的剑普通连携攻击1的视觉/粒子效果资源，标注为“Animal”（兽类）变体。',"'This file is a visual/particle effect asset for EVE's sword Normal Link Attack 1, labeled as the ""Animal"" variant.'"
SB\Content\Art\Show\CH_P_EVE_01\LinkSkill\P_Eve_Sword_Normal_LinkAttack1_Behemoth.uasset,'这个资源是EVE角色的剑类普通连携攻击1的视觉/命中特效，针对Behemoth敌人或Boss。',"'This asset is Eve's sword normal LinkAttack1 visual/hit effect, intended for the Behemoth enemy or boss.'"
SB\Content\Art\Show\CH_P_EVE_01\LinkSkill\P_Eve_Sword_Normal_LinkAttack1_Boss.uasset,'这个粒子特效属于EVE的剑类连携技能——普通连击1的Boss版视觉效果。','This particle VFX is Eve's sword link-skill Normal LinkAttack1 boss-version visual effect.'
SB\Content\Art\Show\CH_P_EVE_01\LinkSkill\P_Eve_Sword_Normal_LinkAttack1_BotRange.uasset,'该文件是Eve的粒子特效资源，用于普通剑连击1的链接技能，可能用于显示攻击范围或下方的命中特效。',"'This file is a particle effect asset for Eve's sword normal Link Attack 1 link skill, likely used to display the attack's range or a ground/bottom hit visual.'"
SB\Content\Art\Show\CH_P_EVE_01\LinkSkill\P_Eve_Sword_Normal_LinkAttack1_Brute.uasset,'这个粒子特效属于角色Eve的剑类连携技能，用于普通连击1的“Brute”风格视觉表现。','This particle/visual effect belongs to Eve\'s sword link skill and is used for the normal LinkAttack1 brute-style visual effect.'
SB\Content\Art\Show\CH_P_EVE_01\LinkSkill\P_Eve_Sword_Normal_LinkAttack1_Common.uasset,"错误: HTTPSConnectionPool(host='openrouter.ai', port=443): Max retries exceeded with url: /api/v1/chat/completions (Caused by SSLError(SSLEOFError(8, '[SSL: UNEXPECTED_EOF_WHILE_READING] EOF occurred in violation of protocol (_ssl.c:1028)')))","Error: HTTPSConnectionPool(host='openrouter.ai', port=443): Max retries exceeded with url: /api/v1/chat/completions (Caused by SSLError(SSLEOFError(8, '[SSL: UNEXPECTED_EOF_WHILE_READING] EOF occurred in violation of protocol (_ssl.c:1028)')))"
SB\Content\Art\Show\CH_P_EVE_01\LinkSkill\P_Eve_Sword_Normal_LinkAttack1_Crawler.uasset,'这是一个用于EVE（主角）剑系的普通连击（LinkAttack1），针对Crawler敌人时的视觉/技能效果资源。','This is an asset for Eve\'s sword normal LinkAttack1 visual/skill effect used against Crawler enemies.'
SB\Content\Art\Show\CH_P_EVE_01\LinkSkill\P_Eve_Sword_Normal_LinkAttack1_ElderPhase2.uasset,'这是用于角色Eve在ElderPhase2阶段执行剑的普通连锁攻击1的链接技能视觉/粒子特效。','This is a visual/particle effect asset for the character Eve\'s sword normal LinkAttack1 during the ElderPhase2 link-skill phase.'
SB\Content\Art\Show\CH_P_EVE_01\LinkSkill\P_Eve_Sword_Normal_LinkAttack1_Exosuit.uasset,'这个粒子特效用于Eve在外骨骼（Exosuit）状态下执行普通剑连携攻击1的视觉效果。','This particle effect is for Eve's sword Normal LinkAttack1 link-skill visual while in the exosuit.'
SB\Content\Art\Show\CH_P_EVE_01\LinkSkill\P_Eve_Sword_Normal_LinkAttack1_Gorilla.uasset,'此资源为Eve角色普通剑的第1个连携攻击（LinkAttack1）相关的特效或动画，且与名为“Gorilla”的敌种或样式关联。',"'This asset is the visual/animation effect for Eve\'s normal sword LinkAttack1, associated with or targeted at a ""Gorilla"" enemy/style.'"
SB\Content\Art\Show\CH_P_EVE_01\LinkSkill\P_Eve_Sword_Normal_LinkAttack1_Humanoid1.uasset,'这是EVE的剑普通连击1的视觉特效，用于对人形敌人时的斩击或命中特效。',"'This is Eve’s sword normal LinkAttack1 visual effect for humanoid enemies, likely a slash or impact VFX.'"
SB\Content\Art\Show\CH_P_EVE_01\LinkSkill\P_Eve_Sword_Normal_LinkAttack1_Humanoid2.uasset,'该文件是EVE角色用于“剑·普通连携攻击1”的粒子/视觉特效资源，可能针对人形敌人类型2的表现版本。',"'This asset is a particle/visual effect for Eve\'s sword Normal Link Attack 1, likely a version tailored for humanoid type 2 targets.'"
SB\Content\Art\Show\CH_P_EVE_01\LinkSkill\P_Eve_Sword_Normal_LinkAttack1_HumanoidHeavy1.uasset,'这个是EVE的剑普通连击1的粒子/视觉效果，针对人形重型目标。','This is EVE's sword normal LinkAttack1 particle/visual effect for humanoid heavy targets.'
SB\Content\Art\Show\CH_P_EVE_01\LinkSkill\P_Eve_Sword_Normal_LinkAttack1_HumanoidHeavy2.uasset,'这个文件是Eve使用剑的普通连携攻击1的视觉/效果，针对重型人形（HumanoidHeavy2）目标。',"'This file is the visual/effect asset for Eve\'s sword Normal LinkAttack1, intended for HumanoidHeavy2 targets.'"
SB\Content\Art\Show\CH_P_EVE_01\LinkSkill\P_Eve_Sword_Normal_LinkAttack1_HumanoidHeavy3.uasset,'这个粒子特效是EVE的普通剑连携攻击1，大概率是对重型人形敌人的命中或冲击视觉效果。',"'This particle effect is Eve's sword normal LinkAttack1, likely the hit/impact visual effect for heavy humanoid enemies.'"
SB\Content\Art\Show\CH_P_EVE_01\LinkSkill\P_Eve_Sword_Normal_LinkAttack1_Mann.uasset,'这个特效是为EVE角色的剑类普通连携攻击1准备的粒子/视觉效果。','This is a particle/visual effect for EVE\'s sword normal LinkAttack1 (link skill) attack.'
SB\Content\Art\Show\CH_P_EVE_01\LinkSkill\P_Eve_Sword_Normal_LinkAttack1_Mann_2.uasset,'这是用于角色EVE的剑普通连携攻击1的粒子/视觉效果文件（Mann_2变体）。','This is a particle/visual effect file for Eve\'s sword normal LinkAttack1 (Mann_2 variant).'
SB\Content\Art\Show\CH_P_EVE_01\LinkSkill\P_Eve_Sword_Normal_LinkAttack1_Marionette.uasset,'这个文件代表EVE（玩家）使用剑的普通连击1（LinkAttack1）时的“Marionette”相关特效或技能动画。',"'This asset likely corresponds to EVE (player) performing a sword Normal LinkAttack1 and contains the ""Marionette"" related effect or skill animation.'"
SB\Content\Art\Show\CH_P_EVE_01\LinkSkill\P_Eve_Sword_Normal_LinkAttack1_Opener.uasset,'这个文件是Eve使用剑时普通连携攻击1的开场视觉特效。','This file is the opener visual effect for Eve\'s sword normal LinkAttack1 combo.'
SB\Content\Art\Show\CH_P_EVE_01\LinkSkill\P_Eve_Sword_Normal_LinkAttack1_Quadruped1.uasset,'这个资源是EVE的剑类普通连携攻击1针对四足敌人的连携攻击动画或视觉效果。','This asset is Eve\'s sword normal Link Attack 1 animation or visual effect for a quadruped enemy.'
SB\Content\Art\Show\CH_P_EVE_01\LinkSkill\P_Eve_Sword_Normal_LinkAttack1_Raven.uasset,'这个文件是Eve角色用于剑的普通连携攻击1（LinkSkill）的视觉/动画效果资源，包含“Raven”风格的特效。',"'This file is Eve\'s sword normal LinkAttack1 LinkSkill visual/animation effect asset featuring a ""Raven"" themed particle/visual effect.'"
SB\Content\Art\Show\CH_P_EVE_01\LinkSkill\P_Eve_Sword_Normal_LinkAttack1_RavenBeast.uasset,'这个文件是EVE使用剑的普通连携攻击1的粒子/视觉效果，针对或用于RavenBeast相关场景。',"'This file is the particle/visual effect for Eve's sword normal link attack 1, used against or involving the Raven Beast.'"
SB\Content\Art\Show\CH_P_EVE_01\LinkSkill\P_Eve_Sword_Normal_LinkAttack1_RoyalGuardFemale.uasset,'这个资源是为EVE的剑普通连击1（LinkAttack1）设计的粒子/视觉特效，关联RoyalGuardFemale。',"'This asset is a particle/visual effect for Eve's sword normal LinkAttack1, associated with the RoyalGuardFemale variant or target.'"
SB\Content\Art\Show\CH_P_EVE_01\LinkSkill\P_Eve_Sword_Normal_LinkAttack1_Sawshark.uasset,'这是用于Eve角色剑类普通连段攻击1（LinkAttack1）的视觉特效资源，名为“Sawshark”，很可能表现为锯齿状斩击或投射体的视觉效果。',"'This is a visual-effect asset named ""Sawshark"" for Eve's sword normal linked attack 1, likely representing a saw-like slash or projectile effect.'"
SB\Content\Art\Show\CH_P_EVE_01\LinkSkill\P_Eve_Sword_Normal_LinkAttack1_Scarlet.uasset,'这是EVE角色的剑类普通连击一（LinkAttack1）的粒子视觉特效，呈猩红色斩击/轨迹效果。',"'This is a particle visual effect for Eve\'s sword normal LinkAttack1, presenting a scarlet red slash/trail style.'"
SB\Content\Art\Show\CH_P_EVE_01\LinkSkill\P_Eve_Sword_Normal_LinkAttack1_SkullJuggernaut.uasset,'这是用于EVE剑普通连携攻击1的粒子特效，关联到名为SkullJuggernaut的视觉表现或敌体标识。',"'This is a particle VFX for Eve's sword normal Link Attack 1, associated with the SkullJuggernaut visual or enemy marker.'"
SB\Content\Art\Show\CH_P_EVE_01\LinkSkill\P_Eve_Sword_Normal_LinkAttack1_Tachy.uasset,'这是一个用于Eve（CH_P_EVE_01）剑的普通连击1（LinkAttack1）的粒子特效，可能表现为武器挥动时的速度残影或流光轨迹。',"'This is a particle VFX for Eve (CH_P_EVE_01) sword normal LinkAttack1, likely representing a weapon-swing speed-trail/afterimage motion effect.'"
SB\Content\Art\Show\CH_P_EVE_01\LinkSkill\P_Eve_Sword_Normal_LinkAttack1_WeaponMasterA.uasset,'这是Eve使用剑的普通连击LinkAttack1的链接技能资源，属于WeaponMasterA变体的视觉/特效文件。',"'This is the link-skill asset for Eve using a sword: the normal LinkAttack1, WeaponMasterA variant, likely a visual/effect resource.'"
SB\Content\Art\Show\CH_P_EVE_01\Skill\P_Eve_GunNikke_EvadeLeft1.uasset,'这是EVE角色使用枪械关联动作时向左闪避的技能视觉/粒子特效的第一变体。','This is a skill visual/particle effect (variant 1) for EVE performing a left evade while using a gun (GunNikke).'
SB\Content\Art\Show\CH_P_EVE_01\Skill\P_Eve_GunNikke_EvadeRight1.uasset,'这个资源是EVE角色使用名为GunNikke的右侧闪避技能的粒子/视觉特效。','This asset is the particle/visual effect for EVE’s GunNikke right-evade skill.'
SB\Content\Art\Show\CH_P_EVE_01\Skill\P_Eve_Sword_Beta_ChainStab1_Ex.uasset,'这是EVE角色的剑技“ChainStab1”的粒子/视觉特效，表示一个Beta或扩展（Ex）变体。',"'This is a particle/visual effect for Eve\'s sword skill ""ChainStab1"", indicating a beta or extended (Ex) variant.'"
SB\Content\Art\Show\CH_P_EVE_01\Skill\P_Eve_Sword_Beta_ChainStabCombo1_Ex.uasset,'此效果是EVE的剑技粒子特效，针对ChainStabCombo1连刺连招的Beta/Ex增强版本。',"'This asset is Eve's sword skill particle VFX for the ChainStabCombo1 attack, a beta/Ex (enhanced/extra) variant.'"
SB\Content\Art\Show\CH_P_EVE_01\Skill\P_Eve_Sword_Beta_ShieldBreak1_Ex_Charged_S.uasset,'该文件是Eve的剑技能“ShieldBreak1”在蓄力/Ex（爆发）状态下的粒子/视觉特效资源。',"'This file is a particle/visual effect asset for Eve\'s sword skill ""ShieldBreak1"" in a charged/Ex (explosive) state.'"
SB\Content\Art\Show\CH_P_EVE_01\Skill\P_Eve_Sword_Beta_ShieldBreak2_Charged_S.uasset,'这个资源是EVE角色的剑技能（Beta版），用于ShieldBreak2技能的蓄力状态的小型特效视觉表现。',"'This asset is Eve's sword skill (beta) charged visual effect for the ShieldBreak2 ability, likely a small/short charged-attack VFX.'"
SB\Content\Art\Show\CH_P_EVE_01\Skill\P_Eve_Sword_Burst_FinishAttack1.uasset,'这个文件是EVE角色的剑气/爆发类技能在完成攻击（终结招）时使用的视觉特效，属于第1号变体。',"'This file is Eve’s sword-burst style skill visual effect used for the finish/finishing attack (particle/display), variant 1.'"
SB\Content\Art\Show\CH_P_EVE_01\Skill\P_Eve_Sword_Burst_FinishAttack2.uasset,'这是Eve的粒子特效，用于剑气/剑爆在完成攻击时的视觉表现（第2变体）。','This is Eve\'s particle VFX for a sword-burst finishing attack (variant 2).'
SB\Content\Art\Show\CH_P_EVE_01\Skill\P_Eve_Sword_Burst_FinishAttack3.uasset,'这个文件表示EVE角色第三段剑术终结攻击的粒子/视觉爆发特效。','This file denotes a particle/visual burst effect for Eve\'s third finishing sword attack.'
SB\Content\Art\Show\CH_P_EVE_01\Skill\P_Eve_Sword_Burst_SpinAttack1.uasset,'这是EVE角色用于剑类旋转攻击（旋风斩）的一种粒子/视觉爆发效果。','This is a particle/visual burst effect for Eve's sword spin attack (spin/whirlwind skill).'
SB\Content\Art\Show\CH_P_EVE_01\Skill\P_Eve_Sword_Burst_SpinAttack2.uasset,'这个资源是EVE的粒子视觉特效，用于表现“剑气/爆裂旋转攻击2”的剑技爆发或冲击波效果。',"'This asset is a particle visual effect for Eve\'s Sword Burst SpinAttack2, representing a sword-energy burst or shockwave during the spin attack.'"
SB\Content\Art\Show\CH_P_EVE_01\Skill\P_Eve_Sword_JustEvade_LightAttack1.uasset,'这个粒子特效属于EVE的剑技，应该是在触发“Just Evade”后紧接的轻攻击1的视觉效果。',"'This particle effect belongs to Eve's sword skill and is likely the visual effect for the LightAttack1 triggered immediately after a ""Just Evade"".'"
SB\Content\Art\Show\CH_P_EVE_01\Skill\P_Eve_Sword_JustEvade_LightAttackCombo1.uasset,'这个特效是EVE在Just Evade后发动轻攻击连段1时的剑部位视觉/粒子效果。','This effect is a sword-related visual/particle effect for Eve when performing a Just Evade into Light Attack Combo 1.'
SB\Content\Art\Show\CH_P_EVE_01\Skill\P_Eve_Sword_JustEvade_StrongAttack1.uasset,'这个粒子特效用于EVE角色在执行“Just Evade”后发动的强力剑攻击1的视觉效果。','This particle effect is for EVE\'s StrongAttack1 sword attack visual triggered by a Just Evade.'
SB\Content\Art\Show\CH_P_EVE_01\Skill\P_Eve_Sword_JustEvade_StrongAttackCombo1.uasset,'这是Eve在使用剑进行Just Evade并接续强力攻击连段1时触发的粒子/视觉效果。','This is a particle/visual effect for Eve's sword triggered when performing a Just Evade that leads into Strong Attack Combo 1.'
SB\Content\Art\Show\CH_P_EVE_01\Skill\P_Eve_Sword_JustParry_LightAttack1.uasset,'这是为角色Eve的剑在执行成功的JustParry并衔接轻攻击1时播放的粒子/视觉特效。','A particle/visual effect for Eve's sword played when executing a successful Just Parry that links into Light Attack 1.'
SB\Content\Art\Show\CH_P_EVE_01\Skill\P_Eve_Sword_JustParry_LightAttackCombo1.uasset,'这个资源是EVE的粒子/视觉特效，作用于剑在执行“Just Parry”（刚好格挡）时触发，适用于轻攻击连段1。',"'This asset is a particle/visual VFX for Eve's sword triggered on a ""Just Parry"" (timed parry) occurring during Light Attack Combo 1.'"
SB\Content\Art\Show\CH_P_EVE_01\Skill\P_Eve_Sword_JustParry_LightAttackCombo2.uasset,'这是Eve角色在轻攻击连招2中触发的剑类准时招架（Just Parry）粒子/视觉特效。','This is a particle/visual effect for Eve's sword Just Parry triggered during Light Attack Combo 2.'
SB\Content\Art\Show\CH_P_EVE_01\Skill\P_Eve_Sword_JustParry_StrongAttack1.uasset,'这个效果是EVE在成功JustParry后发动的剑类强力攻击（StrongAttack1）的视觉/技能效果。','This effect is the visual/skill effect for Eve's sword strong attack (StrongAttack1) performed after a successful JustParry.'
SB\Content\Art\Show\CH_P_EVE_01\Skill\P_Eve_Sword_JustParry_StrongAttackCombo1.uasset,'这个效果是EVE剑技的视觉特效，用于在JustParry（精准招架）后触发的强攻连招1。','This is Eve\'s sword visual effect for a Just Parry that triggers Strong Attack Combo 1.'
SB\Content\Art\Show\CH_P_EVE_01\Skill\P_Eve_Sword_Normal_DashAttackCombo2.uasset,'这个效果是Eve（伊芙）角色的剑系普通冲刺攻击连招2的视觉特效（粒子/演出）。','This effect is a visual particle/showcase for Eve\'s sword normal dash attack combo 2.'
SB\Content\Art\Show\CH_P_EVE_01\Skill\P_Eve_Sword_Normal_FlashBehindAttack_E.uasset,'这是EVE角色剑的普通攻击视觉粒子特效，用于在“背后攻击”时产生闪光或残影效果。',"'This is a particle/visual effect for Eve's sword normal attack, producing a flash or afterimage when performing a ""behind attack"".'"
SB\Content\Art\Show\CH_P_EVE_01\Skill\P_Eve_Sword_Normal_FlashBehindAttack_S.uasset,'这个粒子特效是EVE普通剑击背后攻击时触发的小型闪光。','This particle effect is a small flash triggered during EVE normal sword behind-attack.'
SB\Content\Art\Show\CH_P_EVE_01\Skill\P_Eve_Sword_Normal_JustEvade1.uasset,'这是Eve的普通剑技在触发“Just Evade”瞬间的粒子/视觉效果。',"'This is a particle/visual effect for Eve's normal sword skill triggered on a ""Just Evade"".'"
SB\Content\Art\Show\CH_P_EVE_01\Skill\P_Eve_Sword_Normal_MoveBackAttack1_E.uasset,'这是用于EVE角色剑的普通“后移攻击1”技能的粒子/视觉特效。',"'This is a particle/visual effect for Eve\'s sword normal ""MoveBackAttack1"" skill (a backward attack).'"
SB\Content\Art\Show\CH_P_EVE_01\Skill\P_Eve_Sword_Normal_MoveBackAttack1_S.uasset,'这个粒子特效用于EVE角色的剑普通向后移动攻击1的视觉表现。','This is a particle/visual effect for Eve's sword Normal MoveBackAttack1 backward-moving attack.'
SB\Content\Art\Show\CH_P_EVE_01\Skill\P_Eve_Sword_Normal_StrongAttack6_Ex.uasset,'该文件是EVE（玩家角色）使用剑的普通/强力攻击连段第6招的额外视觉特效资源，可能用于表现命中或冲击效果。',"'This file is an extra VFX asset for EVE (player) sword normal/strong attack number 6, likely used to depict impact or special hit visuals.'"
SB\Content\Art\Show\CH_P_EVE_01\Skill\P_Eve_TachyFusion_E_Protector.uasset,'这个效果是EVE的TachyFusion技能的Protector护盾视觉特效。',"'This effect is Eve\'s TachyFusion skill ""Protector"" shield visual effect.'"
SB\Content\Art\Show\CH_P_EVE_01\Skill\P_Eve_Tachy_Air_StrongAttack1_E.uasset,'这个文件是EVE在空中强攻1段时使用的粒子/视觉特效，可能属于“Tachy”技能或状态。',"'This file is a particle/visual effect for the airborne Strong Attack 1 of Eve, likely associated with the Tachy skill or state.'"
SB\Content\Art\Show\CH_P_EVE_01\Skill\P_Eve_Tachy_Air_StrongAttack1_S.uasset,'这是EVE角色Tachy技能的空中强攻击1视觉特效.','This is a visual/show asset for Eve’s Tachy skill representing the Air Strong Attack 1 effect.'
SB\Content\Art\Show\CH_P_EVE_01\Skill\P_Eve_Tachy_E_Protector.uasset,'这个粒子特效对应EVE的“Tachy_E_Protector”技能，应该是护盾或保护性视觉效果。',"'This particle VFX corresponds to Eve's ""Tachy_E_Protector"" skill and is likely a shield/protective visual effect.'"
SB\Content\Art\Show\CH_P_EVE_01\Skill\P_Eve_Tachy_JustEvade_LightAttack1.uasset,'该文件是用于EVE角色在成功JustEvade并衔接轻攻击1时触发的粒子/视觉特效，可能表现为加速或闪避连招的光效。',"'This file is a particle/visual effect for EVE triggered when performing a JustEvade into Light Attack 1, likely depicting a speed/evade flourish or impact visual.'"
SB\Content\Art\Show\CH_P_EVE_01\Skill\P_Eve_Tachy_JustEvade_LightAttackCombo1.uasset,'这个效果是Eve角色在触发“Just Evade”并接入轻攻击连招1时的快节奏/加速类视觉特效。','This effect is a tachy/speed visual effect for Eve when performing a Just Evade and transitioning into Light Attack Combo 1.'
SB\Content\Art\Show\CH_P_EVE_01\Skill\P_Eve_Tachy_JustEvade_StrongAttack1.uasset,'这是EVE角色在精准回避（Just Evade）后衔接执行的StrongAttack1动作所使用的Tachy技能粒子/视觉效果。','This is Eve\'s Tachy skill particle/visual effect used when performing a StrongAttack1 immediately after a Just Evade.'
SB\Content\Art\Show\CH_P_EVE_01\Skill\P_Eve_Tachy_JustEvade_StrongAttackCombo1.uasset,'这个文件表示EVE角色在“Tachy”状态下成功Just Evade后触发的强力攻击连招1的视觉/特效。','This file represents a visual/particle effect for Eve in Tachy state triggered after a Just Evade leading into StrongAttackCombo1.'
SB\Content\Art\Show\CH_P_EVE_01\Skill\P_Eve_Tachy_JustParry_LightAttack1_S.uasset,'这是EVE角色Tachy技能在轻攻击1触发JustParry（及时格挡）时的粒子视觉特效。','This is a particle visual effect for Eve’s Tachy skill triggered on a JustParry during Light Attack 1.'
SB\Content\Art\Show\CH_P_EVE_01\Skill\P_Eve_Tachy_JustParry_LightAttackCombo1.uasset,'这个粒子特效属于Eve，针对“Just Parry”触发后在轻攻击连招1（Tachy）时播放的视觉效果。',"'This is a particle effect for Eve, played as the Tachy visual when a Just Parry triggers into light attack combo 1.'"
SB\Content\Art\Show\CH_P_EVE_01\Skill\P_Eve_Tachy_JustParry_LightAttackCombo2.uasset,'这是Eve的粒子特效资源（P_前缀），用于在“JustParry”完美格挡后触发的轻攻击连段2（LightAttackCombo2），呈现“Tachy”风格的视觉效果。',"'This is a particle VFX asset for Eve (P_ prefix), triggered on a JustParry into LightAttackCombo2, presenting a ""Tachy""-style visual effect.'"
SB\Content\Art\Show\CH_P_EVE_01\Skill\P_Eve_Tachy_JustParry_StrongAttack1.uasset,'这是EVE的Tachy相关粒子/视觉效果，用于刚刚格挡（Just Parry）后触发强攻击1时的表现。','This is a particle/visual effect for Eve\'s Tachy-related just parry that triggers when performing Strong Attack 1.'
SB\Content\Art\Show\CH_P_EVE_01\Skill\P_Eve_Tachy_JustParry_StrongAttackCombo1.uasset,"'这是Eve的粒子/视觉效果文件，用于在“Just Parry”成功后触发的强攻连段1，""Tachy""暗示速度或能量类表现。'","'This is a particle/visual effect for Eve triggered for the StrongAttackCombo1 after a ""Just Parry"", with ""Tachy"" indicating a speed/energy-style effect.'"
SB\Content\Art\Show\CH_P_EVE_01\Skill\P_Eve_Tachy_Normal_JustEvade1.uasset,'这是Eve的粒子/视觉特效文件，用于Tachy相关技能在普通状态下触发的Just Evade（完美闪避）效果。','This is Eve's particle/visual effect file for the Tachy-related skill triggered on a normal-state Just Evade (perfect dodge).'
SB\Content\Art\Show\CH_P_EVE_01\Skill\P_Eve_Tachy_Skill_ParrySlash1.uasset,'这是EVE角色“Tachy”技能ParrySlash1的粒子/视觉特效，应该用于格挡反击或斩击时的光轨或闪光表现。',"'This is a particle/visual effect for Eve's ""Tachy"" skill ParrySlash1, likely used to display the parry counter or slash trail/light effect.'"
SB\Content\Art\Show\CH_P_EVE_01\Skill\Fusion\P_Eve_Fusion_Air_StrongAttack1_E.uasset,'这个文件是EVE角色融合技能中“空中强攻1”的特效资源。',"'This file is the effect asset for Eve\'s Fusion skill ""Air Strong Attack 1"".'"
SB\Content\Art\Show\CH_P_EVE_01\Skill\Fusion\P_Eve_Fusion_Air_StrongAttack1_S.uasset,'这是Eve的Fusion技能在空中强攻1（StrongAttack1）触发的粒子视觉效果，可能表现为能量斩击轨迹或命中火花。',"'This is a particle visual effect for Eve's Fusion skill triggered during the airborne StrongAttack1, likely an energy slash trail or impact spark.'"
SB\Content\Art\Show\CH_P_EVE_01\Skill\Fusion\P_Eve_Fusion_JustEvade_LightAttack1.uasset,'这个资源是EVE在Fusion技能中“Just Evade”触发后执行轻攻击1的粒子/视觉效果。','This asset is Eve's particle/visual effect for the Fusion skill's Just Evade-triggered Light Attack 1.'
SB\Content\Art\Show\CH_P_EVE_01\Skill\Fusion\P_Eve_Fusion_JustEvade_LightAttackCombo1.uasset,'这个特效是EVE的融合技能，在成功Just Evade后执行的轻攻击连招1时触发的视觉效果。',"'This effect is for EVE\'s Fusion skill, triggered when executing Light Attack Combo 1 after a successful Just Evade, representing the visual effect.'"
SB\Content\Art\Show\CH_P_EVE_01\Skill\Fusion\P_Eve_Fusion_JustEvade_StrongAttack1.uasset,'这个文件应该是EVE在Fusion技能中，执行“Just Evade”后接续的强攻击1时触发的视觉/粒子效果。','This asset appears to be a visual/particle effect for EVE\'s Fusion skill triggered when performing a Just Evade into Strong Attack 1.'
SB\Content\Art\Show\CH_P_EVE_01\Skill\Fusion\P_Eve_Fusion_JustEvade_StrongAttackCombo1.uasset,'这个特效是Eve角色的融合技能中，“Just Evade”触发后用于强力攻击连招1的视觉表现。',"'This effect is the visual effect for Eve\'s Fusion skill, used for the Strong Attack Combo 1 triggered by a Just Evade.'"
SB\Content\Art\Show\CH_P_EVE_01\Skill\Fusion\P_Eve_Fusion_JustParry_LightAttack1.uasset,'这个粒子特效属于Eve的Fusion技能，用于在执行JustParry后接轻攻击1时触发的视觉效果。','This particle effect is for Eve\'s Fusion skill and is triggered as the visual effect when performing a JustParry followed by Light Attack 1.'
SB\Content\Art\Show\CH_P_EVE_01\Skill\Fusion\P_Eve_Fusion_JustParry_LightAttackCombo1.uasset,'这个文件是Eve角色融合技能在成功格挡（JustParry）后发动轻攻击连招1时的视觉/粒子特效资源。','This file is a visual/particle effect asset for Eve\'s Fusion skill triggered when performing a successful Just Parry followed by Light Attack Combo 1.'
SB\Content\Art\Show\CH_P_EVE_01\Skill\Fusion\P_Eve_Fusion_JustParry_LightAttackCombo2.uasset,'该资源是Eve在Fusion状态下执行Just Parry并衔接轻攻击连招2时触发的粒子/视觉特效。','This asset is a particle/visual VFX for Eve in Fusion state triggered when performing a Just Parry into Light Attack Combo 2.'
SB\Content\Art\Show\CH_P_EVE_01\Skill\Fusion\P_Eve_Fusion_JustParry_StrongAttack1.uasset,'这个粒子特效用于角色EVE的融合技能，当触发“Just Parry”（恰当格挡）并执行强攻1时播放。',"'This is a particle/visual effect for Eve's Fusion skill, played when a Just Parry triggers and executes StrongAttack1.'"
SB\Content\Art\Show\CH_P_EVE_01\Skill\Fusion\P_Eve_Fusion_JustParry_StrongAttackCombo1.uasset,'这个特效是EVE在融合技能中于“JustParry”（即时格挡）后触发的强力攻击连招1的视觉/粒子特效。','This is a visual/particle effect for Eve in the Fusion skill triggered by a Just Parry that transitions into Strong Attack Combo 1.'
SB\Content\Art\Show\CH_P_EVE_01\Skill\Fusion\P_Eve_Fusion_Normal_JustEvade1.uasset,'这是Eve角色融合技能（普通）在触发“Just Evade”回避时的视觉特效资源。',"'This is a visual effect asset for Eve's Fusion skill (normal variant) triggered when performing a ""Just Evade"" dodge.'"
SB\Content\Art\Show\CH_P_EVE_01\Skill\Fusion\P_Eve_Fusion_Skill_ParrySlash1.uasset,'这是EVE角色“Fusion”技能ParrySlash1的粒子视觉特效，用于格挡反击或斩击时的切割/冲击表现。',"'This is a particle visual effect for Eve's Fusion skill ParrySlash1, used for the cut/impact slash visual when parrying or counterattacking.'"
SB\Content\Art\Show\Common\ActionAssist_PlayShow.uasset,'这个效果用于播放通用的“ActionAssist”展示，可能是触发辅助手势或视觉提示的特效或过场动画。',"'This asset plays the common ""ActionAssist"" show, likely a visual particle or cinematic effect that signals an assist action or prompt.'"
SB\Content\Art\Show\Common\Result_ChangeCloth_FX.uasset,'这个文件是一个换装/更改服饰的视觉特效，用于角色更换服装时的过渡或展示效果。',"'This file is a visual VFX for changing clothes/outfits, likely used as the transition or display effect when a character changes attire.'"
SB\Content\Art\Show\Common\Result_FlashBehindAttackSignal_FX.uasset,'这个通用FX资源在攻击判定结果时在攻击信号后方产生闪光，作为命中或提示的视觉效果。',"'This common FX asset produces a flash behind an attack signal on attack result, serving as a visual hit or alert indicator.'"
SB\Content\Art\Show\Common\Result_JustParrySignal_FX.uasset,'这个特效很可能是玩家触发“Just Parry”（完美格挡）时的视觉提示效果.',"'This effect is likely the visual signal shown when a player performs a ""Just Parry"" (perfect parry).'"
SB\Content\Art\Show\Common\Result_MoveBackAttackRangeReadySignal_FX.uasset,'这个特效是一个通用视觉提示，表示移动后进入背部攻击范围已就绪。','This FX is a generic visual cue indicating that after moving back the player/target is ready in back-attack range.'
SB\Content\Art\Show\Common\Result_MoveBackAttackSignal_FX.uasset,'这个FX资源用于通用的“后方攻击/移动后攻击”视觉信号，提示触发或命中后方攻击。',"'This FX asset is a common visual signal for a ""move-back"" or back attack, indicating the trigger or hit of a rear attack.'"
SB\Content\Art\Show\Condition\Result_State_KnockDown_S_BwUp.uasset,'该文件表示被击倒（KnockDown）结果状态的显示效果（S 变体），很可能会触发画面黑白化或去色程度上升的视觉效果。',"'This file represents the knockdown (Result_State_KnockDown) display effect (S variant), likely triggering an increase in black-and-white/desaturation visual effect.'"
SB\Content\Art\Show\Condition\Result_State_KnockDown_S_BwUp_Boss.uasset,'这个文件描述Boss被击倒（KnockDown）结果状态的视觉表现，可能在触发时对画面施加黑白或亮度增强（BW Up）的效果。',"'This file represents a boss knockdown (Result_State_KnockDown) visual display, likely applying a black-and-white or brightness-up (BW Up) screen effect when triggered.'"
SB\Content\Art\Show\Condition\Result_State_KnockDown_S_FwUp.uasset,'这个资源是用于“击倒”状态的展示效果，表示角色被朝前上方击倒或击飞并进入倒地状态。',"'This asset is a visual display for the ""KnockDown"" state, indicating the character is knocked forward-upwards (launched/knocked down) into a downed state.'"
SB\Content\Art\Show\Condition\Result_State_KnockDown_S_FwUp_Boss.uasset,'该文件表示Boss的击倒结果状态，指向一种向前上方抛射/击飞类的击倒动画或视觉效果，S可能表示小/短版本。',"'This file represents the boss knockdown result state, indicating a forward-upward knockback/knockdown animation or visual effect, with S likely denoting a small/short variant.'"
SB\Content\Art\Show\Dead\Dead_Down_Uw.uasset,'这个资源是用于展示角色倒地或死亡倒下的视觉/动画效果（Dead Down）。','This asset is a visual/animation effect for showing a character falling or collapsing in death (Dead Down).'
SB\Content\Art\Show\Dead\Dead_Monster_AnimalRank.uasset,'这是用于动物等级（AnimalRank）怪物死亡展示的资源，应该用于呈现动物类敌人死亡时的视觉或模型效果。',"'This is an asset for displaying deaths of animal-ranked monsters, likely used to present the visual or model effect when animal-type enemies die.'"
SB\Content\Art\Show\Dead\Dead_Monster_EffectType_Explosion.uasset,'这个文件表示怪物死亡时触发的爆炸特效，作为死亡时的视觉（并可能包含音效）表现。',"'This file represents an explosion effect triggered when a monster dies, serving as the visual (and possibly audio) representation of the death.'"
SB\Content\Art\Show\Dead\Dead_Monster_EffectType_ExplosionLight.uasset,'这是怪物死亡时的爆炸光效，用于在死去时展示爆裂或闪光的视觉效果。','This is a monster death explosion light effect used to display a burst or flash visual when a monster dies.'
SB\Content\Art\Show\Dead\Dead_Monster_EffectType_Stand.uasset,'这个资源代表怪物死亡时的视觉/状态效果，特指处于站立（Stand）状态的死亡表现。',"'This asset represents a monster death visual/state effect, specifically the death presentation for monsters in a standing (Stand) state.'"
SB\Content\Art\Show\Dead\Dead_Monster_EffectType_ZoneEffect.uasset,'该文件表示怪物死亡时的区域型特效，可能是在尸体周围或地面生成的持续视觉或范围效果。',"'This asset denotes an area-type effect for a dead monster, likely a persistent visual or AoE around the corpse or ground upon death.'"
SB\Content\Art\Show\Dead\Dead_Monster_SkillType_Laser1.uasset,'该资源应为用于怪物死亡/展示流程的激光类技能视觉特效（Laser1变体）。','This asset appears to be a laser-type skill visual effect (Laser1 variant) used in monster death/show sequences.'
SB\Content\Art\Show\Dead\Dead_Monster_SkillType_Range1.uasset,'这是用于怪物死亡展示的美术资源，标识为 SkillType_Range1，表示针对范围1类技能导致的死亡效果。',"'This is an art/show asset for a monster death labeled SkillType_Range1, indicating a death visual effect associated with a Range1-type skill.'"
SB\Content\Art\Show\Dead\Dead_Monster_SkillType_Step0.uasset,'这个资源用于展示怪物死亡时与某类技能相关的初始（Step0）视觉效果。','This asset is a visual effect for displaying a monster's death associated with a specific skill type at the initial (Step0) stage.'
SB\Content\Art\Show\Dead\Dead_Monster_SkillType_Step1.uasset,'这个资源描述怪物死亡的展示视觉效果，针对技能类型的第1阶段。',"'This asset represents a monster death display visual effect for a ""SkillType"", step 1 (first stage).'"
SB\Content\Art\Show\Dead\Dead_Monster_SkillType_Step2.uasset,'这个资源看起来是怪物死亡时用于展示的技能类型视觉效果的第二阶段。',"'This asset appears to be a monster-death display visual associated with a ""skill type,"" representing step 2 of the effect.'"
SB\Content\Art\Show\Dead\Dead_Monster_SkillType_Step3.uasset,'这个资源是怪物的死亡展示特效，针对某种技能类型的第3步/第三阶段。',"'This asset is a monster death display/effect for a specific skill type, corresponding to step 3 (third stage).'"
SB\Content\Art\Show\Dead\Dead_Monster_StandCommon.uasset,'该资源用于怪物死亡时的通用站立死亡姿势视觉效果。','This asset is the common standing death pose/visual effect for monsters when they die.'
SB\Content\Art\Show\Dead\Dead_Monster_StandCommonNoRagdoll.uasset,'这个资源是常见怪物的死亡站立姿势，使用无布娃娃物理（不触发ragdoll）来表现静态或受控的死亡状态。','This asset is a common dead-monster standing pose that uses no ragdoll physics (a static or controlled non-ragdoll death presentation).'
SB\Content\Art\Show\Dead\Dead_Monster_TimeScaleNormal.uasset,'这个资产表示怪物的死亡显示效果，按正常时间速率播放。','This asset represents a monster death display effect played at normal time scale.'
SB\Content\Art\Show\Dead\Dead_Monster_TimeScaleShort.uasset,'这个资源是用于怪物死亡时触发的短时空速/短暂慢动作效果。','This asset is a short-duration time-scale (brief slow-motion) effect triggered when a monster dies.'
SB\Content\Art\Show\Dead\M_BossDead_KnockDownBackward.uasset,'这是一个用于Boss死亡时向后被击倒的动画蒙太奇。','This is an animation montage for a boss death knockdown-backward animation.'
SB\Content\Art\Show\Dead\M_BossDead_KnockDownForward.uasset,'这个文件代表Boss被击倒向前的死亡展示动画或视觉效果。','This asset represents the boss death knockdown-forward display animation or visual effect.'
SB\Content\Art\Show\Hit\Result_Hit_Stand_Beta_ChainStab.uasset,'这个文件是站立状态下“ChainStab”连刺攻击的命中结果视觉效果（Beta版）。',"'This asset is the hit-result visual effect for the ""ChainStab"" chain-stab attack while standing (beta).'"
SB\Content\Art\Show\Hit\Result_Hit_Stand_Beta_ChainStabCombo1_Ex.uasset,'这个uasset是用于站立状态下ChainStabCombo1连刺连招的命中结果视觉粒子/冲击效果（Beta/扩展变体）。','This uasset is the hit-result visual particle/impact effect for the ChainStabCombo1 stabbing combo while standing (Beta/extended variant).'
SB\Content\Art\Show\Hit\Result_Hit_Stand_Beta_ChainStabCombo1_Ex_2.uasset,'这个文件是针对站立目标被ChainStabCombo1攻击命中时的命中结果视觉表现（Beta扩展第2变体）。','This file is the hit-result visual/effect (Beta Ex variant 2) used when a standing target is hit by the ChainStabCombo1 attack.'
SB\Content\Art\Show\Hit\Result_Hit_Stand_Beta_ChargeSlash.uasset,'这是一个（Beta版）蓄力斩在命中站立目标时的命中结果视觉效果。','This is a (Beta) hit-result visual effect for a Charge Slash hitting a standing target.'
SB\Content\Art\Show\Result\Result_ComboParry_FX.uasset,'这个效果是用于展示连击招架（Combo Parry）结果的视觉特效。','This effect is a visual FX used to display the result of a combo parry.'
SB\Content\Art\Show\Result\Result_JustEvade_FX.uasset,'这个特效用于在触发“Just Evade”（完美闪避）时的结算/展示视觉效果。',"'This effect provides the result/display visual when a ""Just Evade"" (perfect dodge) is triggered.'"
SB\Content\Art\Show\Result\Result_Parry_FX.uasset,'这个资源应该是用于格挡/招架成功时的视觉特效，呈现在结果/展示界面或动作展示中。',"'This asset appears to be a visual effect for a successful parry, presented in the result/show presentation or action display.'"
SB\Content\Art\Show\Test\P_Eve_BetaCounterRaven1.uasset,'这个文件应是一种用于Eve角色的测试（Beta）反击粒子效果，具有渡鸦（Raven）主题的视觉效果。',"'This file appears to be a beta/test particle effect for Eve’s counter, featuring a raven-themed visual effect.'"
SB\Content\Art\Show\Test\T_Eve_Sword_JustEvade_PushBackward.uasset,'这是伊芙使用剑在成功执行Just Evade时触发的向后击退效果，可能用于击退敌人或表现相关视觉/力反馈。',"'This is Eve\'s sword effect triggered on a successful Just Evade that produces a backward push/knockback, likely visualizing enemy knockback or related feedback.'"
SB\Content\Art\Show\Test\T_MonsterTypeA.uasset,'这个文件是名为T_MonsterTypeA的纹理资产，可能用于展示或测试怪物A的视觉外观（贴图或图标）。',"'This file is a texture asset named T_MonsterTypeA, likely used to display or test the visual appearance (texture or icon) of Monster Type A.'"
SB\Content\Art\Show\Test\T_MonsterTypeB.uasset,'这个文件是表示MonsterTypeB的贴图资源，可能为测试或演示用途的怪物B类型视觉纹理。',"'This file is a texture asset representing MonsterTypeB, likely a test or demo visual texture for that monster type.'"
SB\Content\Art\Show\Test\T_MonsterTypeC.uasset,'这个文件是一个纹理贴图，可能用于展示或测试“C型”怪物的外观或界面表现。','This file is a texture asset likely used to display or test the appearance or UI representation of Monster Type C.'
